x1,x2,target
0.8773730719279554,0.10178247262040374,0.2771284848948943
0.7407686177542044,0.15285913918433203,0.427370177394409
0.697015740995268,0.24595772838450813,0.5636704282682874
0.7024840839871093,0.16068137325955567,0.44406036589723896
0.35949115121975517,0.18656702405130576,0.8928304420065845
0.29359184426449336,0.2850951686938471,1.0199172714580576
0.8093611554785136,0.17337359529475482,0.42556791256145826
0.8101133946791808,0.8967654246264252,0.06755977689567821
0.8670723185801037,0.08023374566164221,0.24585531041359215
0.9132405525564713,0.5245113895702547,0.24154633849203982
0.5113423988609378,0.4103968269896615,0.43539439248927436
0.5015162946871996,0.9823786169086064,0.13559870916360622
0.7982951789667752,0.11203890216805235,0.3508094034745786
0.6499639307777652,0.39785559904574164,0.5199596662943654
0.7019668772577033,0.9694704332753689,0.09466092351758429
0.795792669436101,0.8655071258939803,0.08830760358606263
0.8900053418175663,0.8170720709492799,0.054214221988003145
0.3379951568515358,0.25790282704493983,0.955369188531942
0.375582952639944,0.17088758739006582,0.8477085160865633
0.093981939840869,0.668643219924431,0.36123033695472107
0.578280140996174,0.9293759891275858,0.12979761470199808
0.035942273796742086,0.5567628930139298,0.45979483359723006
0.46559801813246016,0.5716126894698998,0.2626606914706828
0.5426446347075766,0.2799790936602842,0.4966488754352357
0.2865412521282844,0.7694929331919369,0.23047827350016808
0.5908332605690108,0.18704374855752337,0.4548489864270491
0.03050024993904943,0.3236792364042437,0.7734744088464277
0.03734818874921442,0.4254364386164168,0.6207560966361928
0.8226005606596583,0.507610378684455,0.37553775949904894
0.3601906414112629,0.24240973241508024,0.8905137312144733
0.12706051265188478,0.11483682473920354,1.0432440564157193
0.5222432600548044,0.6106200424416326,0.22760056492402406
0.7699935530986108,0.28863055324025577,0.620668056490995
0.21582102749684318,0.5812382214226123,0.39860784513081976
0.6228904758190003,0.1543627152742023,0.4316930921521217
0.085347464993768,0.4811401018548175,0.5298267945478523
0.0516817211686077,0.5325894325515859,0.4768480675482437
0.531354631568148,0.05182353682242691,0.43486775394575466
0.5406351216101065,0.3366042781939206,0.4761700188922637
0.6374299014982066,0.13441467693897424,0.40438950028497245
0.7260913337226615,0.06337497047276774,0.3149920506770762
0.9758520794625346,0.9899602323899452,0.04287057600749505
0.5163003483011953,0.32235384497472297,0.5026218606252547
0.32295647294124596,0.8098744458546349,0.2048541340689393
0.7951861947687037,0.25464065476376385,0.5763677247632024
0.2708322512620742,0.6815027222239293,0.28277095206173747
0.4389714207056361,0.7602278598896866,0.0012644949675345626
0.07845638134226596,0.5956387406078443,0.39613167769385343
0.02535074341545751,0.47157618855015837,0.5272768236063973
0.9626484146779251,0.41184091414726853,0.30850272331779294
0.8359801205122058,0.3488682665429953,0.572204980808342
0.695974206093698,0.9295291442478258,0.10253525297268172
0.4089529444142699,0.8306194077877291,0.06170496733629082
0.17329432007084578,0.9650269106665126,0.2609598690760872
0.15643704267108605,0.12429722348554473,1.1302465898891896
0.25024289816459533,0.7308674752036443,0.2740746401661873
0.5492266647061205,0.9383404568210378,0.12687746484767248
0.7145959227000623,0.18123306616566015,0.49124170772909137
0.6601973767177313,0.0664962673667775,0.3447062644551571
0.27993389694594284,0.741120649290059,0.2720576285955046
0.9548652806631941,0.5744731131799119,0.149306611814958
0.7378969166957685,0.8418287767582721,0.09547964714166787
0.5543540525114007,0.1397723766262895,0.4489108148647132
0.6117207462343522,0.7952673118598902,0.13456368494178214
0.4196000624277899,0.20162732004774453,0.7275598801831749
0.24773098950115746,0.1636559428657045,1.1699237459180132
0.3559726786512616,0.16426579793099294,0.9141826844454992
0.7578461104643691,0.8145747202313821,0.10976348055103113
0.014393488629755868,0.6651972206962001,0.38305032353817603
0.11607264050691624,0.5230654247691193,0.4911845046441101
0.04600264202175275,0.3588304841235025,0.7440861150196572
0.040728802318970136,0.8772005408131083,0.2981605263192461
0.8554605840110072,0.3924451074226354,0.5261935070271448
0.7036578593800237,0.8165994394715771,0.10362980950836309
0.4741738290873252,0.4391349085702184,0.4047522604190698
0.09783416065100148,0.3769444294249076,0.7834851910867358
0.49161587511683236,0.46267978566960644,0.36705969440691
0.4734717707805657,0.3013778741641421,0.5659693155081209
0.17320186991001518,0.7476093801762511,0.30707019750014314
0.43385164923797304,0.5027203900924792,0.3512711050321548
0.39850473439737344,0.2322126951468173,0.7658474459268351
0.6158500980522165,0.8995745732745685,0.1284159263152356
0.6350936508676438,0.3838912213732114,0.5261779458724797
0.04530400977204452,0.5435528611139886,0.47039783923683537
0.3746126146264712,0.9064721109645469,0.16496725999757142
0.6258599157142364,0.6242379959139921,0.21530316746648034
0.5031362585800877,0.11689804070836407,0.49312852743073404
0.8564898411883223,0.9398321236134751,0.0779946195648791
0.658693631618945,0.6277080530714179,0.20854374965226385
0.1629344270814297,0.3349056146570861,0.9865520011146784
0.07056874740042984,0.13927207266338726,0.9825092796941322
0.6424192782063156,0.794025189270296,0.1283097757364539
0.026511310541621813,0.6200727559285135,0.385955737519726
0.5857755812734633,0.5334610919763215,0.30234154112628686
0.9402302414249576,0.8938925830509576,0.060074676103173484
0.575474177875879,0.7885972112245307,0.0968952408988103
0.3881699262065219,0.15167487973275118,0.7935143824558385
0.6432882184423532,0.31172206779554823,0.5540718601517273
0.45825289049151663,0.24848913981446574,0.6235069188087669
0.5456167893159349,0.743946292572677,0.08139766981527832
0.9414648087765252,0.03353243473577938,0.14697780816967762
0.38610263780077425,0.5698896848713165,0.3140760071477372
0.9611905638239142,0.7624586857406905,0.0727975349932498
0.9053506419560637,0.8767656367617495,0.05612300607164545
0.19579113478929644,0.34208174871590746,0.974657700991591
0.06936130087516545,0.8212573046720129,0.3262139263730542
0.10077800137742665,0.11063173695520723,0.9882643873845789
0.018221825651549728,0.8464522917345182,0.28629158302420477
0.0944429607559284,0.12748866233198242,1.0179688329727314
0.6830067734163568,0.39728729056036727,0.5515154154214345
0.07118864846022899,0.7972953657795536,0.30379736843683064
0.3189756302937613,0.14991742734877378,1.0055602973448314
0.8448753109694546,0.22925139523264149,0.4911318290939389
0.023271935735825866,0.7222525683930663,0.3403337986571572
0.8144684825889358,0.7200365365460744,0.09688064554542089
0.28185477477339993,0.6411476328852973,0.31925275981150114
0.11816482762165625,0.6939484444671,0.3462971581618795
0.6967371653641506,0.5427244433475962,0.321691564283524
0.628942846779884,0.25179905890695276,0.5421682366555579
0.877472013527053,0.34569599350391944,0.495807910531883
0.7350710438038858,0.18159771680142567,0.46702390407608474
0.8034809303848486,0.9084505613336283,0.06885545452012945
0.2820345725713065,0.5833917947661205,0.3600313719343389
0.17743954377972282,0.4008514167636399,0.7924130385863797
0.7506147516408583,0.4620058036441327,0.48188103711541597
0.806834739267264,0.9472833396118153,0.07561010019158851
0.9905051420006733,0.1533514031160802,0.17078542886278994
0.4126176769114265,0.5862298320167972,0.2932419472003519
0.37201808579278317,0.505888678884466,0.3945783377745983
0.7764129607419968,0.6114542354346478,0.22208457353822217
0.34080354025301784,0.01811018382084051,0.7238505122493895
0.9307573256035647,0.8721239089441515,0.05689758080404279
0.8584127518430118,0.9321182824836124,0.06801768832926863
0.42899402737501835,0.5651331835892089,0.29490412210223393
0.7508710677914974,0.6966508238768923,0.14656518709455485
0.7545428740846823,0.9224993811772957,0.09943491732945019
0.10312386883593261,0.7072386343133986,0.3396091884550694
0.9025529066795667,0.15253904291426135,0.3035631574208165
0.5052523724478571,0.5762883601668132,0.25449251246718013
0.8264574661077416,0.6067150463828559,0.21126402567658864
0.32004960103061175,0.424130671302386,0.6106585087800533
0.8955232284962005,0.7364442356247228,0.09757902986978112
0.3892016787341631,0.9343670147690148,0.17171064123149363
0.01083765148029836,0.9255685129067763,0.27356687185192663
0.9053819764192637,0.4508393714041321,0.3551221930500162
0.09128667678613356,0.11323804584075525,0.9826559212496759
0.31931363759041487,0.9848411989623346,0.21258130809091097
0.9500619670508049,0.8388980864459341,0.04460219692653555
0.9506071469375561,0.12466268120326685,0.20272974417101008
0.5734378881232861,0.9208418826173723,0.10795247176365662
0.6318372121697993,0.8698963620621283,0.11513767444889662
0.44844552197831977,0.5188380571260721,0.30092807665597215
0.29321077169806453,0.5912754357449292,0.3305539453301926
0.32866454536991596,0.39900270387013026,0.6761814898126072
0.6725184560770384,0.05476163882203133,0.3319416255546876
0.75237452943768,0.3351972416459009,0.6460124205267742
0.7915790437258485,0.8028534485980114,0.08172634990247063
0.7896181427945539,0.004632023004602859,0.23261697832883427
0.09120610304869037,0.3334991716911442,0.882069315352318
0.49442030470258147,0.3981686935909433,0.42681050917035745
0.057558760016644284,0.5373956029379229,0.4721552899813602
0.5495288823237355,0.9198556164127605,0.13713558433565293
0.441530501373377,0.34634599436596125,0.5554835317548253
0.8877041827582998,0.3469532018962277,0.4857979096192241
0.3509150125520787,0.7375012481097484,0.16421198416996574
0.11706701642760586,0.45221794088980716,0.5995134097412168
0.14299168205283586,0.22460482293998196,1.156332200177933
0.7615106317174722,0.4524395161326934,0.49530712311349584
0.6182180633162611,0.14085702037979986,0.4065398925072865
0.10112267612279024,0.1763869865062233,1.0687726209813595
0.08410680611499743,0.49836777273947974,0.5336933571533153
0.70096913145912,0.4189254495045479,0.5487102628073762
0.07276300636419353,0.9148459010681,0.2760107379361947
0.8218600592903562,0.3623938991166331,0.5947962854481847
0.7062422271564962,0.5805883502780435,0.27853513491774423
0.08134878064189976,0.6322642879195304,0.38725248281818936
0.08483771408519192,0.013094456588333636,0.841112867974757
0.9866395785011755,0.6635373720167106,0.0672022575985049
0.3742707957561203,0.17803596686975143,0.8614013640600292
0.3706421470668909,0.9610703174694551,0.19018373913689327
0.8127995672575026,0.14866272775311296,0.3987976176742548
0.9472485773838587,0.41462412372702373,0.3242101100053488
0.9860010638228709,0.08534966807864386,0.15625006632861682
0.7533781852589416,0.9968742518459474,0.07515002378271211
0.37625958553091576,0.5021950103312426,0.4100749305744933
0.08350071669866876,0.5953850173200438,0.4052803850931676
0.7771469159274368,0.06707647738842748,0.31401383008627964
0.558404249735805,0.7499604703991778,0.09808261432475042
0.4242220092469763,0.20990559309558576,0.72364900610624
0.906354385094736,0.8980542894407137,0.05716640109877539
0.11119748230615134,0.20513964048200717,1.0943747257255405
0.49262510429085915,0.19068772066366657,0.5391060030376333
0.011353644767419069,0.03654966784809488,0.7890299467946474
0.46866064199412627,0.47206694510999925,0.369557492755365
0.05630327568183735,0.5648411332626164,0.43480114248636115
0.11881791626807192,0.06570863942835237,0.9481957000105969
0.11752624677710488,0.7755276166950106,0.3106677252672772
0.6492103021160636,0.4532888347480276,0.4686515261219591
0.7460448792654233,0.52439026932758,0.3773254189496766
0.5833687650971596,0.44076274693822814,0.4144335887135271
0.9621725484745419,0.400763060875326,0.29991962282870166
0.37487057952370406,0.5596403313082179,0.32915508902217666
0.28571208628186073,0.1552402459307125,1.0941572317569457
0.8685991281894603,0.18192813049527112,0.3737742714014927
0.22359583851945264,0.8617856210135173,0.25508131023932173
0.9632225394406113,0.9461154621336327,0.026413353522159098
0.012154474689816341,0.37330931627975295,0.6702351449097461
0.969878826707639,0.27074467314355377,0.3023177453070488
0.04315991195057611,0.6439995432390158,0.3713002850914027
0.8911431136980711,0.4087341710980964,0.44857127036686295
0.5277011090862999,0.02538635566034486,0.397978183923259
0.9929647961193003,0.15615259736619036,0.16763910829805442
0.07379656473539886,0.7159722288473975,0.342384947142012
0.5538542844013208,0.6589239419101514,0.18975172385875333
0.969302535619099,0.02709599250348349,0.1486235959050813
0.5230978441701488,0.22197216193294944,0.5057617268265547
0.6293986381352625,0.2310747965880714,0.5185777062059465
0.6957486889846172,0.6718927435987284,0.16846117470661848
0.45454106476777323,0.019710537754364155,0.5089246448319331
0.6275580800840634,0.10410858198457384,0.38912329641913584
0.5843143119231002,0.7999160853731894,0.11854642590773595
0.901158010490989,0.1785446620543336,0.31666269843526085
0.04544638034145787,0.6527461078518747,0.386262321142045
0.2809631895922303,0.23818278104672652,1.1371871793528514
0.9504114840765587,0.09944139275934516,0.18041065458873326
0.8902637838909163,0.24317219099945409,0.436213228345236
0.45565675278571294,0.7222669318556592,0.06343775387874663
0.6201325978015367,0.8556964681062857,0.12358612420314724
0.2773811829811327,0.8302198645669916,0.22870487562724562
0.1881211597237613,0.3971835296184548,0.7971609946369963
0.46369840493998216,0.6680851365706462,0.1530607372214465
0.3533522280260528,0.20498429541582097,0.9423858283322332
0.5836561118508721,0.29314773026101326,0.5138280462707191
0.07773463696498484,0.8963358185211198,0.28189258497961583
0.9743948076661665,0.013001923510736035,0.1319680996611048
0.9862107444796029,0.08550853085446808,0.11718106383892771
0.6981617140197451,0.20788625514602732,0.52948769468951
0.5360963663441204,0.026532203873819715,0.38390080938301485
0.30952761628632774,0.18143543508979731,1.0517286976651778
0.8137950197069487,0.5830415609696922,0.22426286567779782
0.6847311725538793,0.42142455059249795,0.5130541253546989
0.1626169393448913,0.8926717110769748,0.2800650523344436
0.9109271844938425,0.8174435617384409,0.05619479053586891
0.822537242923169,0.34181735169787597,0.6013594717291971
0.949799913291924,0.2594234334312925,0.32900395786845793
0.72571950838836,0.3796924081672669,0.6121126534746436
0.6134151959357899,0.5902949425148077,0.24528705146764576
0.4182430362906189,0.26806364082287626,0.6862470470986315
0.9327284833540133,0.624148907849134,0.12932095003559885
0.8660638895004084,0.4094116521912404,0.47176374468976645
0.04521867010618941,0.5520471808519802,0.42493614054832934
0.026366974497252005,0.4361265291353167,0.5765006880647066
0.3764633668780496,0.29446575954191767,0.8018614582779291
0.8105533307818329,0.9484533069621567,0.07970125377530562
0.9872761293149445,0.7636057941597608,0.04780832332188189
0.15041689110352818,0.14011317576645255,1.120282659590872
0.5941307153521351,0.8684679758979128,0.11732158752352977
0.3808908566310215,0.48743119824951364,0.4350680025083624
0.9699143978146032,0.8945522268940914,0.048177160560948555
0.8421189231357087,0.7998552559473152,0.08346826967516173
0.8383287047111379,0.42521350446923345,0.5060263372654394
0.4686931597949703,0.022469308320117398,0.49180816349908024
0.4148195023376652,0.2686773593849461,0.7053518184322769
0.27340707193070624,0.5416342146608669,0.4155669335606261
0.056375496650927115,0.6334782198261473,0.37961722019474253
0.8647223762550532,0.2578876854332023,0.49360243330839726
0.8129010091300776,0.13935607407282413,0.3814047016832522
0.9997176732861306,0.8349302367992991,0.04328098857402811
0.9966368370739054,0.9844021807035521,0.04416675755018819
0.5554317056026274,0.5256901823026858,0.3007467755479504
0.7689874151805105,0.1716792858483035,0.4581478216796011
0.944765729882428,0.27230732651936895,0.3277626743819967
0.8496473906774115,0.018390676547466733,0.21483515099860778
0.24734810174319766,0.914298806560499,0.24261189123920923
0.4505441353100935,0.11775108289014113,0.6038720537586629
0.12915941515149498,0.5765164755142536,0.38775987652020727
0.9540510272587224,0.274055220687206,0.35037924314003155
0.60617463445088,0.5541780025157934,0.28089343904168357
0.22864280550346272,0.6514203883518642,0.33992990620705005
0.6717006844058567,0.8297418037072016,0.10665004447211617
0.6181282404578958,0.2064212717606032,0.48668169682082285
0.3581627180328405,0.010995828658480478,0.6671113461429931
0.11355759219962902,0.13688563006880727,1.0552633681494188
0.6715731955927996,0.9000186418481051,0.12848624298741607
0.5203077009037933,0.8738900775625152,0.09898558640968748
0.7723183917356393,0.5974131021703083,0.23309774381192888
0.5201635011119934,0.6005168604336534,0.24097445561428948
0.8521815003185401,0.6650366745462555,0.13356580850732214
0.5519068387744855,0.1753712786234496,0.4684941682207289
0.5609379715353863,0.9144119459249598,0.13042013542671996
0.876653602658345,0.4187705248920731,0.47071265831685627
0.40348286621239704,0.38313852824949746,0.5658189398940302
0.13401522845064073,0.5189177052828375,0.4950149720690799
0.028782676313338973,0.046965966775055046,0.8290790235215453
0.755137255673619,0.1662833687560794,0.46352814858004526
0.6203095513534647,0.7380336164263704,0.15285888772238831
0.7040797680992236,0.08279866792512647,0.3466254904688011
0.21296416150891073,0.6031521094663882,0.3596700901515835
0.13637147558676976,0.24534910968132095,1.1472646738020684
0.014544665667881929,0.38929561404197655,0.6322095387124024
0.350587558806597,0.28869373677069987,0.8741130924990049
0.5899176868546331,0.35567271646494913,0.48719298080170076
0.3922440450997323,0.7190459051842455,0.11581234237548217
0.43747492202372906,0.297121715623175,0.6277404372640837
0.9041586944937484,0.5664046402968972,0.19782994923900124
0.34825546702330035,0.47605040219909966,0.4714783653986778
0.5139894891598108,0.6636711653626481,0.18079593708820152
0.7836530127411431,0.936829739324758,0.0825947836002692
0.39654278232127016,0.7325720972102503,0.08917122700099128
0.6220867002278735,0.21494037859075676,0.4994448235857183
0.8623637087467452,0.031183135061284672,0.2178411927204015
0.9495206236576421,0.2622640442998251,0.3196068096108679
0.14707348092903794,0.5950779307002548,0.4018489234042976
0.9265876251614944,0.05142581348425035,0.18016299445834658
0.4921162930795382,0.49636624720123634,0.32801919542340113
0.25824438829895835,0.5968428489168892,0.3725503261737439
0.4591357562382613,0.3342438908169608,0.5426032685220162
0.980032575285477,0.7709122037458219,0.05315389551253607
0.4926180939928696,0.1065982531337718,0.4999685098534454
0.3287516102875082,0.07513778173580876,0.8475719212612781
0.6334008543167258,0.7281887562036033,0.13498422172555252
0.24014561877819307,0.49549131620619846,0.5049904639627634
0.07586332810866392,0.688402396427736,0.3666236363098219
0.12887972191064923,0.4348273386037462,0.660512094098019
0.12804583895777244,0.2464020332391068,1.1041024262360277
0.15190269351229435,0.8191023176741997,0.2684050448485378
0.13882717264941014,0.7994158789689793,0.2923493758501259
0.6408747448032146,0.6946964708544268,0.1488922451467575
0.18188008439914483,0.2721451372299627,1.1676650223217684
0.3456672833238632,0.5902306668690871,0.32590170962878334
0.8967884099060118,0.3609738969400268,0.45419494596234644
0.47396164026287235,0.09158207332663415,0.5481335095682875
0.6675577385210272,0.9173135754622428,0.11857005882234349
0.17231987120162984,0.1368186309189614,1.137477953234079
0.19228901880867078,0.9502373538208024,0.2227354850700648
0.04086861626647886,0.44600577295795574,0.599923129137944
0.16893506307216455,0.18513292883861965,1.179541644375109
0.2785903390319586,0.5419009473783581,0.3976189721659302
0.17701048427674682,0.8729458358764083,0.2797385954548735
0.08870253375705561,0.7322248864095612,0.35576515756696464
0.12063587110060081,0.8065611478614497,0.3148917681385133
0.46077876803272577,0.6587833667107174,0.17456315827928828
0.2063337184057925,0.6922765645178525,0.3214877525135896
0.36426986104807546,0.8491956515653193,0.14767486649699532
0.5034172708548569,0.24966800885918594,0.5413946468951403
0.6903948286293653,0.4894249636431405,0.41749580375557105
0.039312139841098936,0.22120944181960223,0.917662870543023
0.7994103989090426,0.987668007996647,0.07031862518912871
0.6279003894909078,0.9440593396866133,0.10887189749670441
0.08175903194887191,0.0394268113685059,0.8687803341142765
0.8735786241067772,0.7055751725156885,0.08057215317206812
0.9208724005318132,0.9252483174156658,0.05003771558481947
0.06107795985486375,0.18057534512733353,0.967361966465004
0.2768776481472037,0.5679452305526295,0.3695288721691669
0.8062012797930613,0.9154882975880418,0.07639240385957279
0.7482596903836584,0.03394597858579884,0.2894226464568915
0.18452101935637732,0.6974202672468399,0.3297779931594818
0.2093493233367103,0.29734900737255077,1.0899635369846985
0.370472102791382,0.9243961953765304,0.16892090489747433
0.4845229851910213,0.9710582451653678,0.1584494392820736
0.618254771530296,0.9442664891134339,0.10890180145445505
0.3689136395697724,0.47421421665746377,0.44568321028300156
0.4625347161331479,0.8620426509893134,0.07753055773342515
0.7474709381337565,0.8445493985350704,0.08652701844788756
0.0366832028905979,0.31910047324325563,0.8010927572477069
0.25243694434402075,0.8289154741506773,0.23760486660127075
0.7133495858845524,0.03700763471549262,0.2878746268480029
0.8952068376871993,0.596269878482053,0.170857628624446
0.5116774421156661,0.23000883728770305,0.5079796661003972
0.5321134852653157,0.12056688577727881,0.4575631884190808
0.10717201133977605,0.07695320162920916,0.9592397562617949
0.44741236682345464,0.6962887758781398,0.11198640250834428
0.5326172664550232,0.33987496376806614,0.4826341908535574
0.24247050363472966,0.7247667715287615,0.299800044914046
0.26924323094938096,0.06535634079894237,0.9413607761818681
0.37728416310462265,0.31529033783061033,0.74622454215647
0.02007119777772637,0.5394912923753372,0.4498154986403552
0.3220791655831783,0.7907231648389635,0.19200969982028843
0.21144800699654465,0.3187525029320699,1.0497059630681522
0.32749735217791465,0.6258913764370091,0.29488861705766595
0.11976213181925122,0.8859777482361871,0.2729876179956263
0.890527280739895,0.6158631881823046,0.14438171161280539
0.5935924535540487,0.23295947475363377,0.4790634563577186
0.6791023191444896,0.02440078155653802,0.3183652636209714
0.7891712386073383,0.8700988739009299,0.07023399368181127
0.4984421989290573,0.021269410850387138,0.43824755230671897
0.08692028808742369,0.8747016726841994,0.28236561040564984
0.5371065418185478,0.528937134027212,0.30506471815396496
0.5868411180208791,0.9390676985128962,0.12276291630161396
0.74543947418433,0.7987832357736654,0.11677620983885133
0.4316595462296794,0.9979341105333375,0.1592339785614923
0.12758030279556376,0.35071181545171015,0.9011490370744469
0.28377590579872447,0.7671882889311269,0.2318486121711797
0.3630822963986351,0.40193091360924216,0.622275711016588
0.6459172413316012,0.47987562030390885,0.39174875233939455
0.5707783046689119,0.6275054632183701,0.21185976679694637
0.35609672589784624,0.8736771141863388,0.17150562634719616
0.9865152487929797,0.9840834691992951,0.042376326146376014
0.6057748193568872,0.7682734138645182,0.1254228883848911
0.23722679173599448,0.41776678216733376,0.7253275686822535
