x,target
0.0,0.004967141530112327
0.005025125628140704,0.030185906753098683
0.010050251256281407,0.06958251669368057
0.01507537688442211,0.1098101063589252
0.020100502512562814,0.1236181713204842
0.02512562814070352,0.15487267339775898
0.03015075376884422,0.20410379464479178
0.035175879396984924,0.2268959241392204
0.04020100502512563,0.24521821851095885
0.04522613065326633,0.2857808296528741
0.05025125628140704,0.3058838549460442
0.05527638190954774,0.3357140058684103
0.06030150753768844,0.3723049081322071
0.06532663316582915,0.379897755285763
0.07035175879396985,0.41052888938507925
0.07537688442211056,0.45047628391460626
0.08040201005025126,0.47383728993949453
0.08542713567839195,0.5144920889682794
0.09045226130653267,0.5291436649690765
0.09547738693467336,0.5504386454985651
0.10050251256281408,0.604993179625744
0.10552763819095477,0.6132654779033139
0.11055276381909548,0.6407715049739865
0.11557788944723618,0.6497836612482967
0.12060301507537688,0.6818603153639324
0.12562814070351758,0.7110012482884314
0.1306532663316583,0.7202623305928538
0.135678391959799,0.7566800440168338
0.1407035175879397,0.7673169443161509
0.1457286432160804,0.7900357955848457
0.15075376884422112,0.8057746362987268
0.15577889447236182,0.8483442419808153
0.16080402010050251,0.8468890615249195
0.1658291457286432,0.8528051661416642
0.1708542713567839,0.8871053279824921
0.17587939698492464,0.8812929592151638
0.18090452261306533,0.909320886895529
0.18592964824120603,0.9004620560993768
0.19095477386934673,0.9186862686634505
0.19597989949748745,0.9449171072261283
0.20100502512562815,0.9603735748157933
0.20603015075376885,0.9637930459063625
0.21105527638190955,0.969054312717104
0.21608040201005024,0.9743640638108143
0.22110552763819097,0.9687799173326956
0.22613065326633167,0.9815762925030556
0.23115577889447236,0.9883923120690717
0.23618090452261306,1.0068040445331958
0.24120603015075376,1.0019100611160634
0.24623115577889448,0.9820892321398506
0.25125628140703515,1.0032096865881042
0.2562814070351759,0.9953704465971125
0.2613065326633166,0.9907084264132792
0.2663316582914573,1.0008564789090657
0.271356783919598,1.0013202026677517
0.2763819095477387,0.9956056395291647
0.2814070351758794,0.9722001358501777
0.2864321608040201,0.9708221843270255
0.2914572864321608,0.9695781204400575
0.2964824120603015,0.9674089209871531
0.30150753768844224,0.9432951011220566
0.3065326633165829,0.9357185539341869
0.31155778894472363,0.9150654988677809
0.3165829145728643,0.90179730189663
0.32160804020100503,0.9086042906806936
0.32663316582914576,0.8998634799789169
0.3316582914572864,0.8705195415226563
0.33668341708542715,0.865345064139332
0.3417085427135678,0.8421435964878539
0.34673366834170855,0.8144576775832113
0.35175879396984927,0.8060861702566622
0.35678391959798994,0.7986159971835503
0.36180904522613067,0.7628600421340689
0.36683417085427134,0.7580866174874233
0.37185929648241206,0.694724527773819
0.3768844221105528,0.7069041710370588
0.38190954773869346,0.6766223193059905
0.3869346733668342,0.6491548736105281
0.3919597989949749,0.6288055811062133
0.3969849246231156,0.5831294180336056
0.4020100502512563,0.5753244335352135
0.40703517587939697,0.555032637718225
0.4120603015075377,0.5396311032118836
0.4170854271356784,0.4925369272929465
0.4221105527638191,0.46200602240707106
0.4271356783919598,0.43697612006973374
0.4321608040201005,0.4226098548291549
0.4371859296482412,0.3877933461286079
0.44221105527638194,0.34987495059575785
0.4472361809045226,0.3306179008413456
0.45226130653266333,0.29644422512815044
0.457286432160804,0.27485358830400763
0.4623115577889447,0.22757597185359535
0.46733668341708545,0.20051539482417424
0.4723618090452261,0.1688633039427783
0.47738693467336685,0.1269693699436304
0.4824120603015075,0.11324470168192084
0.48743718592964824,0.08146309812927549
0.49246231155778897,0.04739412453798237
0.49748743718592964,0.01344037067988579
0.5025125628140703,-0.02993994943414072
0.507537688442211,-0.051549443199211106
0.5125628140703518,-0.08227969057274405
0.5175879396984925,-0.11830627160349101
0.5226130653266332,-0.14321737654161187
0.5276381909547738,-0.1687438769059538
0.5326633165829145,-0.18493015727804638
0.5376884422110553,-0.23285072466405024
0.542713567839196,-0.26259163449145084
0.5477386934673367,-0.29621790879233195
0.5527638190954774,-0.34467293866320226
0.5577889447236181,-0.3554376913879202
0.5628140703517588,-0.3839035329326005
0.5678391959798995,-0.3888234125272811
0.5728643216080402,-0.44391730015339054
0.577889447236181,-0.467075485012667
0.5829145728643216,-0.4980667471727352
0.5879396984924623,-0.5365389431406636
0.592964824120603,-0.5400332838579571
0.5979899497487438,-0.5700018220867211
0.6030150753768845,-0.5950947877091843
0.6080402010050251,-0.6369818478888055
0.6130653266331658,-0.6381170040058256
0.6180904522613065,-0.6897703592515315
0.6231155778894473,-0.6928165750553039
0.628140703517588,-0.6990174225566166
0.6331658291457286,-0.7523455441805897
0.6381909547738693,-0.7688812798211959
0.6432160804020101,-0.7822391178680139
0.6482412060301508,-0.8075069707427401
0.6532663316582915,-0.8364155094399238
0.6582914572864321,-0.8378416064893167
0.6633165829145728,-0.8659327722976727
0.6683417085427136,-0.8665037184321077
0.6733668341708543,-0.8954953220355468
0.678391959798995,-0.8849796884065761
0.6834170854271356,-0.9215919010607988
0.6884422110552764,-0.9293494637698978
0.6934673366834171,-0.9294399715271283
0.6984924623115578,-0.9603954866648492
0.7035175879396985,-0.9553788703698882
0.7085427135678392,-0.9531940585831974
0.7135678391959799,-0.9899891404311499
0.7185929648241206,-0.9787459724970811
0.7236180904522613,-0.9836940103955185
0.7286432160804021,-0.9831919787250191
0.7336683417085427,-1.0071092231294378
0.7386934673366834,-1.0106822125471815
0.7437185929648241,-0.9940018537451066
0.7487437185929648,-0.9969990001618244
0.7537688442211056,-0.9972147051900192
0.7587939698492463,-0.9950093961254091
0.7638190954773869,-1.0030330694867917
0.7688442211055276,-0.9906761628070596
0.7738693467336684,-0.9858440098540158
0.7788944723618091,-0.9907086514166337
0.7839195979899498,-0.9587173556552596
0.7889447236180904,-0.9654724663318685
0.7939698492462312,-0.9739923980664893
0.7989949748743719,-0.9464233729295012
0.8040201005025126,-0.9526953115697102
0.8090452261306533,-0.9240972831150103
0.8140703517587939,-0.9084728015481005
0.8190954773869347,-0.9154390741289984
0.8241206030150754,-0.8838676344224311
0.8291457286432161,-0.8747520695920954
0.8341708542713568,-0.8551616738312784
0.8391959798994975,-0.8280561039457595
0.8442211055276382,-0.8322753412957545
0.8492462311557789,-0.8193290640645958
0.8542713567839196,-0.8018478773790338
0.8592964824120604,-0.7814814340649932
0.864321608040201,-0.7536940809275182
0.8693467336683417,-0.7283607466189103
0.8743718592964824,-0.7071251143980329
0.8793969849246231,-0.679032310118824
0.8844221105527639,-0.6639011241916519
0.8894472361809045,-0.6255608821555342
0.8944723618090452,-0.6181698092405593
0.8994974874371859,-0.5631350002706326
0.9045226130653267,-0.558305009034268
0.9095477386934674,-0.546795481288451
0.914572864321608,-0.522058540622938
0.9195979899497487,-0.4791408769904075
0.9246231155778895,-0.4583337870602748
0.9296482412060302,-0.42063806276928867
0.9346733668341709,-0.3942981814866051
0.9396984924623115,-0.3706135745431157
0.9447236180904522,-0.34883924058479754
0.949748743718593,-0.32566650412102777
0.9547738693467337,-0.28482037873768457
0.9597989949748744,-0.2413489744270732
0.964824120603015,-0.21708063940638941
0.9698492462311558,-0.20076905427683836
0.9748743718592965,-0.15548223370873923
0.9798994974874372,-0.12210653127042911
0.9849246231155779,-0.10341838215685582
0.9899497487437187,-0.06156838025321844
0.9949748743718593,-0.030986462580351135
1.0,-0.011429702978306476
