Dataset,Algorithm,Accuracy,Balanced_Acc,Macro_F1,Cohen_Kappa,Runtime_Sec,Func_Evals
classification_1_iris,SGD,96.00 ± 1.33,95.75 ± 1.37,95.91 ± 1.16,0.9388 ± 0.0204,0.027,400
classification_1_iris,SCG,96.67 ± 2.98,96.38 ± 3.04,96.43 ± 3.09,0.9491 ± 0.0453,0.055,799
classification_1_iris,LeapFrog,96.67 ± 2.98,96.38 ± 3.04,96.43 ± 3.09,0.9491 ± 0.0453,0.031,405
classification_2_diabetes,SGD,74.35 ± 2.78,69.00 ± 2.11,69.67 ± 2.40,0.4012 ± 0.0444,0.101,400
classification_2_diabetes,SCG,75.39 ± 0.92,71.58 ± 2.17,71.89 ± 2.01,0.4410 ± 0.0412,0.221,799
classification_2_diabetes,LeapFrog,77.08 ± 1.82,73.16 ± 2.31,73.67 ± 1.96,0.4766 ± 0.0367,0.102,405
classification_3_glass,SGD,56.09 ± 4.82,40.28 ± 5.90,34.03 ± 4.33,0.3785 ± 0.0740,0.046,400
classification_3_glass,SCG,70.16 ± 7.98,65.17 ± 8.32,59.17 ± 11.03,0.5899 ± 0.1090,0.106,801
classification_3_glass,LeapFrog,64.05 ± 4.80,58.06 ± 9.16,52.61 ± 9.11,0.5011 ± 0.0676,0.049,405
