Dataset,Hidden_Units,Mean_Val_Loss,Mean_Time_Sec
classification_2_diabetes,2,2.2082119484688274e-08,0.00017137527465820311
classification_2_diabetes,4,4.148942649742813e-08,0.00019741058349609375
classification_2_diabetes,8,5.350282269980674e-08,0.0002429962158203125
classification_2_diabetes,16,6.486571535851799e-08,0.0003895282745361328
classification_2_diabetes,32,7.451328233908872e-08,0.000689554214477539
classification_2_diabetes,64,8.460163873358535e-08,0.0012308120727539062
regression_2_franke,2,0.008685632784992476,0.01862616539001465
regression_2_franke,4,0.007470214868062414,0.022535324096679688
regression_2_franke,8,0.009672594048555071,0.030174446105957032
regression_2_franke,16,0.009378702388056135,0.04373412132263184
regression_2_franke,32,0.01048650374971027,0.06985902786254883
regression_2_franke,64,0.010515154097933965,0.12406811714172364
