Dataset,Algorithm,MSE,RMSE,MAE,R_Squared,Runtime_Sec,Func_Evals
regression_1_sine,SGD,0.2001 ± 0.0398,0.4452 ± 0.0434,0.3914 ± 0.0405,0.5953 ± 0.0788,0.022,400
regression_1_sine,SCG,0.0028 ± 0.0006,0.0525 ± 0.0062,0.0434 ± 0.0042,0.9943 ± 0.0015,0.044,774
regression_1_sine,LeapFrog,0.0159 ± 0.0078,0.1225 ± 0.0301,0.1004 ± 0.0225,0.9674 ± 0.0157,0.023,405
regression_2_franke,SGD,0.0231 ± 0.0024,0.1518 ± 0.0079,0.1183 ± 0.0062,0.7016 ± 0.0457,0.047,400
regression_2_franke,SCG,0.0118 ± 0.0030,0.1074 ± 0.0145,0.0839 ± 0.0148,0.8461 ± 0.0502,0.092,797
regression_2_franke,LeapFrog,0.0199 ± 0.0012,0.1410 ± 0.0043,0.1022 ± 0.0058,0.7431 ± 0.0329,0.046,406
regression_3_housing,SGD,0.2846 ± 0.0789,0.5284 ± 0.0733,0.3742 ± 0.0220,0.6992 ± 0.0862,0.092,400
regression_3_housing,SCG,0.2165 ± 0.0801,0.4571 ± 0.0869,0.3001 ± 0.0423,0.7750 ± 0.0724,0.183,800
regression_3_housing,LeapFrog,0.2790 ± 0.0815,0.5225 ± 0.0774,0.3704 ± 0.0251,0.7057 ± 0.0882,0.122,407
